{
  "production_model": "C",
  "leakage_free": true,
  "best_threshold": 0.2703596117917395,
  "f1_score": 0.7985865719381687,
  "roc_auc": 0.942805102663586,
  "features": [
    "vibe_score",
    "positive_escrow_count",
    "escrow_weight_sum",
    "has_onchain_escrow",
    "mentions_no_kyc",
    "mentions_wallet_payout",
    "merges_last_45d",
    "is_closed"
  ],
  "importances": {
    "vibe_score": 0.08615800824267998,
    "positive_escrow_count": 0.30427090972055143,
    "escrow_weight_sum": 0.299520656409482,
    "has_onchain_escrow": 0.17274384257972258,
    "mentions_no_kyc": 2.7897130228469292e-05,
    "mentions_wallet_payout": 0.004130696942724181,
    "merges_last_45d": 0.11712062084535067,
    "is_closed": 0.016027368129260717
  }
}