{
  "best_threshold": 0.7012225705329155,
  "f1_score": 0.9999999995,
  "roc_auc": 1.0,
  "features": [
    "log_amount",
    "vibe_score",
    "merges_last_45d",
    "has_onchain_escrow",
    "mentions_no_kyc",
    "mentions_wallet_payout",
    "is_closed"
  ],
  "importances": {
    "log_amount": 0.19520705595584645,
    "vibe_score": 0.6680981426698942,
    "merges_last_45d": 0.0913167785035313,
    "has_onchain_escrow": 0.003334345101880407,
    "mentions_no_kyc": 0.0,
    "mentions_wallet_payout": 0.0026930211399714475,
    "is_closed": 0.039350656628876185
  }
}